fy_label,engineering_cvm_sa_m
2018-19,76096.173
2019-20,148543.90600000002
2020-21,146825.11200000002
2021-22,147820.257
2022-23,150523.451
2023-24,153508.43
2024-25,155368.411
