fy_label,cwd_total_cvm_sa_millions
2018-19,128342.25
2019-20,252506.849
2020-21,251312.29700000002
2021-22,256411.28499999997
2022-23,273219.29099999997
2023-24,288866.50800000003
2024-25,297981.058
