fy_label,building_cvm_sa_m
2018-19,52416.185
2019-20,104266.023
2020-21,104740.863
2021-22,108765.65
2022-23,122695.83800000002
2023-24,135358.07799999998
2024-25,142612.648
